<FileList>
  <File Reference = "VisioForge.Controls.UI.dll">
    <ToolboxItems VSCategory="VisioForge" BlendCategory="VisioForge">
      <Item Type="VisioForge.Controls.UI.WPF.MediaPlayer" />
      <Item Type="VisioForge.Controls.UI.WPF.VideoCapture" />
      <Item Type="VisioForge.Controls.UI.WPF.VideoEdit" />
      <Item Type="VisioForge.Controls.UI.WPF.VideoEditFFMPEG" />
      <Item Type="VisioForge.Controls.UI.WPF.VolumeMeterPro.SpectrumAnalyzer" />
      <Item Type="VisioForge.Controls.UI.WPF.VolumeMeterPro.VolumeMeter" />
      <Item Type="VisioForge.Controls.UI.WPF.VolumeMeterPro.WaveformPainter" />
    </ToolboxItems>
  </File>
</FileList>